{
  "steps": 520,
  "loss_start": 3.478535373171077,
  "loss_final": 2.0103196599709654,
  "weights": [
    [
      0.704191402137079,
      0.7674442581981272,
      0.0506404930066862,
      -0.05516997563796003
    ],
    [
      0.717868004609689,
      -0.8850618499223191,
      0.02083822511772954,
      -0.007988730656497118
    ]
  ]
}
